AUD - Австралийский доллар,ne vizhu
AUD - Австралийский доллар,ne vizhu
AUD - Австралийский доллар,ne vizhu
USD - Доллар США,UAH2925.4900EUR90.8718
USD - Доллар США,UAH2925.4900EUR90.8718
VUV - Вануатский вату,ne vizhu
USD - Доллар США,UAH2925.4900EUR90.8718
USD - Доллар США,UAH2925.4900EUR90.8718
AUD - Австралийский доллар,ne vizhu
AUD - Австралийский доллар,ne vizhu
NZD - Новозеландский доллар,ne vizhu
AUD - Австралийский доллар,ne vizhu
NZD - Новозеландский доллар,ne vizhu
COK - Доллар Островов Кука,ne vizhu
XPF - Французский тихоокеанский франк,ne vizhu
NZD - Новозеландский доллар,ne vizhu
USD - Доллар США,UAH2925.4900EUR90.8718
NZD - Новозеландский доллар,ne vizhu
USD - Доллар США,UAH2925.4900EUR90.8718
SBD - Доллар Соломоновых Островов,ne vizhu
NZD - Новозеландский доллар,ne vizhu
PGK - Кина Новой Гвинеи,ne vizhu
WST - Самоанская тала,ne vizhu
TOP - Тонганская паанга,ne vizhu
AUD - Австралийский доллар,ne vizhu
XPF - Французский тихоокеанский франк,ne vizhu
FJD - Доллар Фиджи,ne vizhu
XPF - Французский тихоокеанский франк,ne vizhu
